,image_name,mean,std,dynamic_range,blur_score,contrast,entropy,estimated_noise_level,local_variance_mean,local_variance_std
0,pexels-mutecevvil-15889935.jpg,57.399757385253906,63.36995180622714,242.0,571.3983637714846,239,5.9047337,23.903940339857876,115.41104940917965,235.45905080143467
1,pexels-layg-traveller-593127578-29539790.jpg,82.02935791015625,68.56789588556033,255.0,999.9433122281334,255,6.553378,31.621880276608053,183.70681437255857,422.0550593382141
