,image_name,mean,std,dynamic_range,blur_score,contrast,entropy,estimated_noise_level,local_variance_mean,local_variance_std
0,pexels-gsn-travel-28432002.jpg,49.91498565673828,55.673356069494666,255.0,1207.9176366652682,255,5.8779917,34.755109504435005,210.77958689941408,459.4407773367117
1,pexels-layg-traveller-593127578-26976920.jpg,75.8490816752116,78.02691907089896,249.33333333333334,1080.5198466544825,250,5.2583847,32.87126171375967,195.57829006469728,417.98488355345245
